Order ID,Order Date,Customer,Product,Sales,Quantity,Category
1001,2023-04-13,Customer 22,Keyboard,99.25,3,Accessories
1002,2024-03-11,Customer 22,Laptop,402.06,4,Electronics
1003,2023-12-15,Customer 49,Laptop,268.38,4,Electronics
1004,2023-09-28,Customer 42,Mouse,461.32,2,Accessories
1005,2023-04-17,Customer 6,Docking Station,376.72,3,Electronics
1006,2023-03-13,Customer 15,Keyboard,10.0,4,Accessories
1007,2023-07-08,Customer 43,Headset,230.4,2,Accessories
1008,2023-01-21,Customer 37,Headset,339.71,2,Accessories
1009,2023-04-13,Customer 33,Monitor,13.13,2,Electronics
1010,2023-05-02,Customer 8,Keyboard,416.2,4,Accessories
1011,2023-08-03,Customer 44,Headset,10.0,3,Accessories
1012,2023-11-27,Customer 44,Monitor,140.31,1,Electronics
1013,2023-03-29,Customer 5,Docking Station,568.26,2,Electronics
1014,2024-01-08,Customer 39,Monitor,123.24,4,Electronics
1015,2023-04-10,Customer 4,Headset,414.79,4,Accessories
1016,2023-12-26,Customer 6,Mouse,10.0,1,Accessories
1017,2023-06-01,Customer 45,Mouse,716.26,1,Accessories
1018,2023-05-11,Customer 32,Mouse,239.09,4,Accessories
1019,2023-05-30,Customer 30,Headset,319.06,3,Accessories
1020,2023-11-05,Customer 47,Mouse,335.81,1,Accessories
1021,2023-09-15,Customer 35,Keyboard,421.51,4,Accessories
1022,2023-12-10,Customer 40,Docking Station,10.0,1,Electronics
1023,2024-02-18,Customer 16,Monitor,298.93,3,Electronics
1024,2023-10-21,Customer 13,Monitor,168.25,2,Electronics
1025,2024-01-21,Customer 50,Headset,10.0,1,Accessories
1026,2023-07-11,Customer 42,Mouse,497.42,3,Accessories
1027,2024-03-19,Customer 30,Mouse,229.57,4,Accessories
1028,2023-10-04,Customer 19,Laptop,348.5,1,Electronics
1029,2023-06-10,Customer 17,Docking Station,335.97,1,Electronics
1030,2023-11-10,Customer 19,Keyboard,233.03,4,Accessories
1031,2023-01-22,Customer 28,Monitor,695.01,2,Electronics
1032,2023-09-10,Customer 26,Laptop,290.55,4,Electronics
1033,2023-08-24,Customer 37,Laptop,10.0,1,Electronics
1034,2023-12-11,Customer 26,Headset,219.92,4,Accessories
1035,2023-02-18,Customer 23,Monitor,399.95,3,Electronics
1036,2023-02-28,Customer 9,Headset,406.52,4,Accessories
1037,2023-06-19,Customer 12,Keyboard,82.44,1,Accessories
1038,2023-07-07,Customer 1,Laptop,485.9,4,Electronics
1039,2023-09-28,Customer 1,Laptop,10.0,2,Electronics
1040,2023-07-09,Customer 47,Docking Station,528.83,4,Electronics
1041,2024-03-21,Customer 34,Keyboard,36.13,2,Accessories
1042,2023-06-24,Customer 32,Laptop,254.75,3,Electronics
1043,2024-03-21,Customer 48,Keyboard,512.91,2,Accessories
1044,2023-02-20,Customer 25,Monitor,323.92,4,Electronics
1045,2023-12-30,Customer 40,Mouse,463.34,1,Accessories
1046,2023-02-24,Customer 45,Laptop,423.73,2,Electronics
1047,2023-09-01,Customer 1,Docking Station,557.25,3,Electronics
1048,2023-11-16,Customer 16,Monitor,512.44,2,Electronics
1049,2023-05-11,Customer 39,Keyboard,209.25,2,Accessories
1050,2023-11-03,Customer 5,Headset,426.59,2,Accessories
1051,2023-05-15,Customer 22,Monitor,10.0,3,Electronics
1052,2023-01-21,Customer 29,Laptop,288.42,4,Electronics
1053,2023-11-25,Customer 3,Keyboard,463.7,2,Accessories
1054,2023-06-16,Customer 12,Mouse,326.77,2,Accessories
1055,2023-10-01,Customer 26,Monitor,389.33,1,Electronics
1056,2024-01-23,Customer 16,Laptop,257.35,3,Electronics
1057,2023-03-30,Customer 37,Docking Station,525.81,2,Electronics
1058,2023-11-12,Customer 22,Headset,283.92,3,Accessories
1059,2023-01-14,Customer 29,Keyboard,206.91,2,Accessories
1060,2023-08-30,Customer 14,Monitor,477.3,4,Electronics
1061,2023-09-22,Customer 28,Monitor,18.97,4,Electronics
1062,2023-12-12,Customer 5,Mouse,400.21,2,Accessories
1063,2023-02-22,Customer 47,Mouse,91.5,4,Accessories
1064,2024-01-21,Customer 49,Docking Station,555.59,2,Electronics
1065,2023-12-06,Customer 30,Headset,247.79,4,Accessories
1066,2023-04-02,Customer 46,Docking Station,327.0,1,Electronics
1067,2024-01-02,Customer 5,Laptop,382.51,1,Electronics
1068,2024-03-19,Customer 12,Laptop,10.0,1,Electronics
1069,2024-03-30,Customer 16,Docking Station,169.88,3,Electronics
1070,2024-03-03,Customer 26,Headset,508.71,3,Accessories
1071,2023-09-21,Customer 26,Docking Station,473.55,1,Electronics
1072,2024-03-06,Customer 48,Headset,356.61,3,Accessories
1073,2023-02-04,Customer 21,Headset,30.11,4,Accessories
1074,2023-07-25,Customer 39,Keyboard,417.1,2,Accessories
1075,2023-03-22,Customer 36,Headset,442.68,2,Accessories
1076,2024-02-24,Customer 33,Mouse,309.4,2,Accessories
1077,2023-02-19,Customer 30,Headset,544.63,1,Accessories
1078,2023-12-26,Customer 37,Headset,163.31,3,Accessories
1079,2024-01-23,Customer 23,Headset,198.03,4,Accessories
1080,2023-01-02,Customer 10,Laptop,10.0,4,Electronics
1081,2024-01-25,Customer 5,Mouse,483.97,1,Accessories
1082,2023-02-23,Customer 36,Mouse,362.77,4,Accessories
1083,2023-04-16,Customer 34,Docking Station,10.0,4,Electronics
1084,2023-09-17,Customer 31,Keyboard,10.0,4,Accessories
1085,2023-11-06,Customer 10,Headset,125.47,4,Accessories
1086,2023-07-10,Customer 19,Monitor,458.73,3,Electronics
1087,2024-02-06,Customer 32,Keyboard,239.93,4,Accessories
1088,2023-08-06,Customer 1,Keyboard,139.04,2,Accessories
1089,2023-02-13,Customer 5,Mouse,98.78,1,Accessories
1090,2023-06-11,Customer 45,Keyboard,89.82,3,Accessories
1091,2023-07-21,Customer 4,Headset,10.0,4,Accessories
1092,2024-03-21,Customer 16,Headset,58.52,3,Accessories
1093,2023-09-27,Customer 24,Laptop,85.88,4,Electronics
1094,2023-12-17,Customer 16,Headset,436.52,2,Accessories
1095,2023-10-31,Customer 2,Headset,266.86,1,Accessories
1096,2023-09-28,Customer 49,Mouse,134.88,4,Accessories
1097,2024-03-31,Customer 28,Headset,761.94,4,Accessories
1098,2023-08-03,Customer 32,Laptop,167.22,4,Electronics
1099,2023-09-09,Customer 27,Monitor,533.42,4,Electronics
1100,2023-07-09,Customer 20,Mouse,624.22,1,Accessories
1101,2023-10-23,Customer 24,Monitor,10.0,1,Electronics
1102,2023-08-01,Customer 12,Mouse,314.79,2,Accessories
1103,2023-07-27,Customer 50,Docking Station,196.49,1,Electronics
1104,2023-08-25,Customer 35,Keyboard,180.22,4,Accessories
1105,2023-12-04,Customer 33,Docking Station,411.08,2,Electronics
1106,2024-01-02,Customer 33,Headset,175.43,2,Accessories
1107,2023-02-22,Customer 43,Monitor,200.81,2,Electronics
1108,2023-10-07,Customer 37,Headset,266.38,4,Accessories
1109,2024-02-14,Customer 12,Keyboard,225.32,3,Accessories
1110,2023-08-05,Customer 3,Mouse,65.29,4,Accessories
1111,2023-09-09,Customer 1,Keyboard,459.18,1,Accessories
1112,2023-07-07,Customer 33,Laptop,509.71,1,Electronics
1113,2024-01-15,Customer 40,Keyboard,368.72,4,Accessories
1114,2023-02-10,Customer 10,Laptop,224.69,4,Electronics
1115,2023-06-06,Customer 43,Keyboard,158.96,2,Accessories
1116,2023-01-15,Customer 44,Laptop,159.28,4,Electronics
1117,2023-10-28,Customer 29,Monitor,771.48,2,Electronics
1118,2023-03-06,Customer 13,Headset,487.57,1,Accessories
1119,2023-12-11,Customer 12,Headset,131.98,2,Accessories
1120,2023-11-23,Customer 31,Docking Station,332.94,4,Electronics
1121,2023-01-09,Customer 46,Headset,227.49,1,Accessories
1122,2023-12-10,Customer 2,Mouse,416.76,3,Accessories
1123,2023-05-09,Customer 50,Keyboard,408.7,2,Accessories
1124,2023-05-16,Customer 35,Docking Station,516.72,1,Electronics
1125,2023-03-04,Customer 23,Mouse,129.89,2,Accessories
1126,2023-05-19,Customer 17,Mouse,320.95,1,Accessories
1127,2023-03-22,Customer 26,Laptop,10.0,1,Electronics
1128,2024-01-27,Customer 8,Headset,48.53,2,Accessories
1129,2023-06-12,Customer 29,Monitor,476.82,3,Electronics
1130,2024-02-23,Customer 26,Monitor,109.86,1,Electronics
1131,2023-10-16,Customer 10,Docking Station,131.82,1,Electronics
1132,2024-01-14,Customer 26,Monitor,298.34,1,Electronics
1133,2023-09-18,Customer 34,Keyboard,438.95,3,Accessories
1134,2023-08-19,Customer 41,Monitor,87.83,3,Electronics
1135,2023-02-10,Customer 7,Docking Station,10.0,4,Electronics
1136,2023-01-28,Customer 4,Monitor,125.96,2,Electronics
1137,2023-05-15,Customer 50,Keyboard,541.13,3,Accessories
1138,2023-07-20,Customer 45,Laptop,368.63,2,Electronics
1139,2023-11-24,Customer 11,Docking Station,564.77,4,Electronics
1140,2023-09-25,Customer 29,Laptop,73.64,2,Electronics
1141,2024-02-22,Customer 36,Laptop,10.0,3,Electronics
1142,2023-02-02,Customer 25,Laptop,392.51,2,Electronics
1143,2023-02-17,Customer 21,Mouse,348.0,3,Accessories
1144,2024-02-11,Customer 36,Headset,361.11,2,Accessories
1145,2023-03-03,Customer 10,Mouse,486.6,3,Accessories
1146,2023-08-04,Customer 37,Headset,384.34,3,Accessories
1147,2023-10-20,Customer 9,Laptop,381.12,2,Electronics
1148,2023-04-09,Customer 24,Docking Station,443.0,4,Electronics
1149,2023-06-21,Customer 35,Headset,400.48,1,Accessories
1150,2023-12-26,Customer 49,Keyboard,471.49,4,Accessories
1151,2023-08-02,Customer 35,Keyboard,501.7,2,Accessories
1152,2023-02-04,Customer 48,Monitor,606.34,4,Electronics
1153,2024-03-24,Customer 36,Headset,170.16,3,Accessories
1154,2023-08-15,Customer 18,Docking Station,396.11,1,Electronics
1155,2023-04-11,Customer 49,Mouse,225.94,2,Accessories
1156,2024-03-06,Customer 39,Laptop,133.29,2,Electronics
1157,2023-05-11,Customer 32,Monitor,162.09,2,Electronics
1158,2023-09-14,Customer 24,Keyboard,398.99,1,Accessories
1159,2023-01-05,Customer 23,Mouse,383.65,3,Accessories
1160,2023-08-06,Customer 32,Mouse,380.08,2,Accessories
1161,2023-09-12,Customer 37,Laptop,254.86,4,Electronics
1162,2024-02-02,Customer 12,Headset,300.68,2,Accessories
1163,2023-12-25,Customer 49,Keyboard,463.55,2,Accessories
1164,2023-10-10,Customer 13,Docking Station,10.0,2,Electronics
1165,2024-01-28,Customer 23,Mouse,304.93,2,Accessories
1166,2023-07-26,Customer 25,Laptop,317.99,3,Electronics
1167,2023-01-15,Customer 35,Docking Station,450.66,4,Electronics
1168,2023-12-12,Customer 41,Headset,29.95,3,Accessories
1169,2023-02-11,Customer 30,Keyboard,599.03,4,Accessories
1170,2024-01-15,Customer 17,Headset,342.73,2,Accessories
1171,2023-06-28,Customer 49,Mouse,353.32,1,Accessories
1172,2023-03-04,Customer 20,Docking Station,219.72,3,Electronics
1173,2023-12-18,Customer 48,Docking Station,407.6,1,Electronics
1174,2023-08-19,Customer 25,Docking Station,309.59,3,Electronics
1175,2023-08-29,Customer 22,Mouse,541.8,2,Accessories
1176,2023-02-21,Customer 13,Mouse,11.7,3,Accessories
1177,2023-04-06,Customer 19,Headset,335.11,2,Accessories
1178,2024-01-23,Customer 49,Monitor,381.7,3,Electronics
1179,2023-08-10,Customer 36,Headset,262.73,2,Accessories
1180,2024-02-11,Customer 12,Keyboard,219.07,2,Accessories
1181,2023-08-19,Customer 41,Laptop,227.41,4,Electronics
1182,2023-08-25,Customer 19,Docking Station,334.93,2,Electronics
1183,2023-05-23,Customer 12,Monitor,10.0,4,Electronics
1184,2023-06-20,Customer 9,Laptop,493.0,2,Electronics
1185,2023-01-29,Customer 7,Monitor,203.97,1,Electronics
1186,2023-02-05,Customer 28,Headset,325.56,2,Accessories
1187,2023-01-13,Customer 14,Mouse,373.42,1,Accessories
1188,2023-06-09,Customer 31,Docking Station,194.84,1,Electronics
1189,2023-11-23,Customer 19,Headset,273.79,2,Accessories
1190,2023-07-06,Customer 47,Laptop,10.0,1,Electronics
1191,2023-08-31,Customer 16,Laptop,446.42,4,Electronics
1192,2023-03-27,Customer 5,Laptop,516.01,3,Electronics
1193,2023-10-11,Customer 35,Laptop,10.0,2,Electronics
1194,2023-03-07,Customer 12,Laptop,218.7,1,Electronics
1195,2023-06-19,Customer 25,Monitor,54.03,2,Electronics
1196,2023-02-14,Customer 21,Headset,264.45,4,Accessories
1197,2023-03-03,Customer 36,Docking Station,429.73,2,Electronics
1198,2024-03-16,Customer 23,Mouse,497.46,2,Accessories
1199,2023-05-14,Customer 16,Mouse,524.37,1,Accessories
1200,2023-10-11,Customer 39,Headset,562.11,4,Accessories
1201,2023-01-28,Customer 45,Headset,255.52,3,Accessories
1202,2023-04-18,Customer 42,Mouse,70.61,3,Accessories
1203,2023-02-13,Customer 39,Mouse,277.08,1,Accessories
1204,2023-12-06,Customer 14,Monitor,426.65,2,Electronics
1205,2023-10-13,Customer 31,Keyboard,54.55,1,Accessories
1206,2024-03-21,Customer 5,Docking Station,632.03,1,Electronics
1207,2023-11-27,Customer 35,Laptop,479.58,1,Electronics
1208,2023-05-08,Customer 23,Keyboard,258.69,2,Accessories
1209,2023-12-14,Customer 29,Headset,157.83,4,Accessories
1210,2023-08-19,Customer 43,Mouse,166.18,1,Accessories
1211,2023-07-09,Customer 11,Keyboard,314.84,2,Accessories
1212,2023-08-13,Customer 18,Docking Station,254.12,4,Electronics
1213,2024-01-20,Customer 47,Headset,490.1,1,Accessories
1214,2024-01-12,Customer 12,Laptop,231.4,3,Electronics
1215,2023-10-10,Customer 9,Laptop,401.1,4,Electronics
1216,2024-03-21,Customer 10,Docking Station,294.22,1,Electronics
1217,2023-05-01,Customer 44,Docking Station,353.93,4,Electronics
1218,2023-04-26,Customer 17,Mouse,253.99,4,Accessories
1219,2023-08-21,Customer 38,Laptop,441.54,4,Electronics
1220,2023-09-16,Customer 7,Headset,444.51,4,Accessories
1221,2023-12-25,Customer 46,Keyboard,391.99,4,Accessories
1222,2023-07-17,Customer 13,Headset,421.5,4,Accessories
1223,2024-03-31,Customer 40,Monitor,111.13,1,Electronics
1224,2024-02-15,Customer 42,Monitor,364.65,3,Electronics
1225,2023-05-17,Customer 9,Docking Station,549.84,2,Electronics
1226,2023-11-14,Customer 50,Mouse,398.28,4,Accessories
1227,2023-06-14,Customer 27,Monitor,93.86,2,Electronics
1228,2023-08-13,Customer 2,Laptop,290.05,1,Electronics
1229,2023-11-03,Customer 5,Headset,375.0,4,Accessories
1230,2023-08-22,Customer 29,Headset,148.52,3,Accessories
1231,2023-06-21,Customer 37,Docking Station,28.35,2,Electronics
1232,2023-06-01,Customer 38,Keyboard,236.78,4,Accessories
1233,2023-11-11,Customer 19,Docking Station,151.83,1,Electronics
1234,2024-01-09,Customer 8,Keyboard,297.14,3,Accessories
1235,2023-06-09,Customer 48,Docking Station,10.0,2,Electronics
1236,2023-04-06,Customer 45,Docking Station,412.94,2,Electronics
1237,2023-08-21,Customer 1,Docking Station,173.08,4,Electronics
1238,2023-06-29,Customer 22,Keyboard,499.15,3,Accessories
1239,2023-04-23,Customer 17,Keyboard,244.62,3,Accessories
1240,2023-11-14,Customer 7,Docking Station,294.92,3,Electronics
1241,2024-03-17,Customer 25,Monitor,265.39,3,Electronics
1242,2023-02-21,Customer 45,Mouse,162.37,1,Accessories
1243,2023-09-25,Customer 4,Mouse,794.46,3,Accessories
1244,2023-10-22,Customer 36,Mouse,200.83,2,Accessories
1245,2024-01-21,Customer 6,Keyboard,504.7,2,Accessories
1246,2024-01-22,Customer 31,Keyboard,81.27,1,Accessories
1247,2023-04-23,Customer 19,Monitor,374.43,2,Electronics
1248,2023-04-11,Customer 44,Mouse,395.77,2,Accessories
1249,2023-04-23,Customer 39,Mouse,295.16,3,Accessories
1250,2024-03-15,Customer 27,Docking Station,185.8,2,Electronics
1251,2023-03-22,Customer 10,Keyboard,247.34,1,Accessories
1252,2023-07-06,Customer 26,Mouse,219.34,3,Accessories
1253,2023-04-23,Customer 19,Headset,780.41,4,Accessories
1254,2023-01-02,Customer 39,Monitor,295.48,3,Electronics
1255,2023-05-10,Customer 3,Headset,404.98,1,Accessories
1256,2023-08-08,Customer 45,Headset,656.33,3,Accessories
1257,2023-02-23,Customer 13,Monitor,124.74,3,Electronics
1258,2023-12-09,Customer 50,Headset,307.53,1,Accessories
1259,2023-08-12,Customer 28,Mouse,246.16,3,Accessories
1260,2023-08-13,Customer 20,Keyboard,282.77,1,Accessories
1261,2024-01-20,Customer 28,Monitor,264.2,1,Electronics
1262,2024-02-07,Customer 8,Docking Station,153.62,4,Electronics
1263,2023-05-06,Customer 41,Headset,339.08,2,Accessories
1264,2023-05-10,Customer 39,Monitor,87.47,2,Electronics
1265,2023-02-22,Customer 1,Laptop,497.78,3,Electronics
1266,2023-06-21,Customer 3,Laptop,424.66,3,Electronics
1267,2023-08-06,Customer 13,Keyboard,201.31,4,Accessories
1268,2023-06-09,Customer 28,Mouse,211.0,4,Accessories
1269,2023-07-17,Customer 49,Keyboard,355.1,4,Accessories
1270,2024-02-20,Customer 25,Keyboard,140.29,1,Accessories
1271,2023-09-04,Customer 33,Keyboard,662.4,4,Accessories
1272,2023-11-20,Customer 38,Keyboard,371.59,4,Accessories
1273,2024-03-14,Customer 6,Docking Station,378.65,3,Electronics
1274,2023-07-22,Customer 44,Docking Station,436.29,4,Electronics
1275,2023-07-03,Customer 45,Monitor,184.11,1,Electronics
1276,2023-05-03,Customer 32,Laptop,517.8,1,Electronics
1277,2024-02-05,Customer 45,Keyboard,322.91,3,Accessories
1278,2023-09-12,Customer 47,Monitor,490.03,4,Electronics
1279,2023-10-21,Customer 21,Laptop,260.41,4,Electronics
1280,2023-10-07,Customer 16,Headset,563.46,1,Accessories
1281,2023-11-21,Customer 21,Mouse,380.27,4,Accessories
1282,2024-01-07,Customer 11,Docking Station,736.5,4,Electronics
1283,2023-04-08,Customer 37,Headset,226.1,4,Accessories
1284,2023-07-17,Customer 36,Laptop,340.91,2,Electronics
1285,2024-01-30,Customer 35,Headset,93.68,3,Accessories
1286,2023-08-28,Customer 19,Mouse,194.14,2,Accessories
1287,2023-05-24,Customer 20,Laptop,423.74,3,Electronics
1288,2023-04-07,Customer 18,Headset,525.86,1,Accessories
1289,2023-07-20,Customer 47,Docking Station,893.0,4,Electronics
1290,2023-05-04,Customer 41,Docking Station,280.67,3,Electronics
1291,2023-07-06,Customer 49,Monitor,113.36,2,Electronics
1292,2023-11-22,Customer 14,Headset,450.67,4,Accessories
1293,2023-12-15,Customer 15,Keyboard,74.43,1,Accessories
1294,2023-09-16,Customer 31,Headset,412.86,3,Accessories
1295,2023-05-28,Customer 1,Laptop,199.55,3,Electronics
1296,2023-09-09,Customer 3,Laptop,342.32,3,Electronics
1297,2024-03-18,Customer 16,Headset,518.21,4,Accessories
1298,2024-02-24,Customer 23,Mouse,277.85,2,Accessories
1299,2024-02-07,Customer 11,Docking Station,486.58,2,Electronics
1300,2023-12-12,Customer 12,Laptop,474.63,3,Electronics
1301,2024-03-26,Customer 10,Docking Station,10.0,1,Electronics
1302,2023-05-27,Customer 32,Laptop,119.68,1,Electronics
1303,2023-05-28,Customer 16,Monitor,10.0,2,Electronics
1304,2023-12-18,Customer 8,Keyboard,700.35,1,Accessories
1305,2023-07-18,Customer 38,Laptop,278.92,2,Electronics
1306,2023-11-04,Customer 12,Docking Station,656.17,3,Electronics
1307,2024-02-21,Customer 24,Monitor,10.0,2,Electronics
1308,2024-02-28,Customer 28,Laptop,185.45,2,Electronics
1309,2023-05-08,Customer 8,Mouse,460.1,3,Accessories
1310,2023-02-08,Customer 28,Keyboard,335.85,1,Accessories
1311,2023-12-04,Customer 36,Laptop,406.57,2,Electronics
1312,2023-12-26,Customer 26,Monitor,49.24,2,Electronics
1313,2023-05-09,Customer 8,Mouse,575.36,3,Accessories
1314,2023-09-24,Customer 50,Headset,455.4,1,Accessories
1315,2024-03-16,Customer 28,Monitor,380.33,2,Electronics
1316,2024-03-09,Customer 28,Monitor,162.88,3,Electronics
1317,2023-05-31,Customer 37,Mouse,364.76,2,Accessories
1318,2024-02-19,Customer 41,Monitor,241.7,4,Electronics
1319,2023-10-25,Customer 36,Mouse,10.0,3,Accessories
1320,2023-04-09,Customer 27,Laptop,289.92,1,Electronics
1321,2023-09-20,Customer 17,Mouse,268.65,1,Accessories
1322,2023-09-09,Customer 9,Mouse,512.48,1,Accessories
1323,2023-05-24,Customer 33,Keyboard,10.0,1,Accessories
1324,2023-12-12,Customer 20,Mouse,347.04,2,Accessories
1325,2023-04-22,Customer 13,Mouse,68.89,2,Accessories
1326,2023-03-01,Customer 28,Headset,363.84,1,Accessories
1327,2024-01-04,Customer 48,Laptop,374.86,1,Electronics
1328,2023-01-02,Customer 29,Keyboard,282.63,1,Accessories
1329,2024-01-20,Customer 13,Headset,461.46,2,Accessories
1330,2023-10-31,Customer 46,Docking Station,50.85,1,Electronics
1331,2023-09-11,Customer 35,Laptop,521.54,1,Electronics
1332,2023-05-20,Customer 6,Laptop,158.38,4,Electronics
1333,2024-03-28,Customer 18,Docking Station,10.0,4,Electronics
1334,2023-02-06,Customer 5,Mouse,245.52,1,Accessories
1335,2023-06-09,Customer 47,Headset,10.0,3,Accessories
1336,2023-01-09,Customer 25,Monitor,350.83,1,Electronics
1337,2023-08-21,Customer 2,Keyboard,248.15,4,Accessories
1338,2023-04-09,Customer 10,Monitor,546.74,3,Electronics
1339,2023-05-27,Customer 30,Docking Station,429.78,3,Electronics
1340,2023-10-31,Customer 50,Laptop,21.6,1,Electronics
1341,2023-07-27,Customer 45,Laptop,132.32,4,Electronics
1342,2023-05-11,Customer 5,Keyboard,404.13,4,Accessories
1343,2024-02-08,Customer 33,Laptop,469.42,3,Electronics
1344,2023-06-01,Customer 1,Laptop,544.5,1,Electronics
1345,2023-02-23,Customer 18,Keyboard,542.9,2,Accessories
1346,2023-04-30,Customer 32,Headset,282.1,2,Accessories
1347,2023-06-10,Customer 47,Headset,372.53,4,Accessories
1348,2024-02-12,Customer 49,Keyboard,559.75,2,Accessories
1349,2023-04-26,Customer 11,Docking Station,239.34,4,Electronics
1350,2023-03-16,Customer 21,Laptop,375.95,4,Electronics
1351,2023-04-23,Customer 26,Laptop,234.62,4,Electronics
1352,2024-03-31,Customer 25,Docking Station,189.81,2,Electronics
1353,2024-02-24,Customer 22,Headset,309.68,4,Accessories
1354,2024-02-26,Customer 27,Mouse,162.49,3,Accessories
1355,2023-04-14,Customer 49,Mouse,273.82,1,Accessories
1356,2023-12-06,Customer 13,Mouse,93.01,1,Accessories
1357,2023-09-11,Customer 33,Headset,262.0,4,Accessories
1358,2023-08-15,Customer 34,Headset,389.68,1,Accessories
1359,2023-04-22,Customer 41,Docking Station,182.25,2,Electronics
1360,2023-04-09,Customer 35,Laptop,301.86,2,Electronics
1361,2023-06-02,Customer 1,Docking Station,327.87,1,Electronics
1362,2023-12-15,Customer 21,Docking Station,390.51,2,Electronics
1363,2024-02-06,Customer 48,Headset,273.28,1,Accessories
1364,2024-01-19,Customer 6,Mouse,517.17,1,Accessories
1365,2024-01-01,Customer 28,Monitor,10.0,1,Electronics
1366,2023-12-04,Customer 17,Laptop,887.55,4,Electronics
1367,2023-07-13,Customer 5,Headset,125.77,1,Accessories
1368,2023-11-06,Customer 31,Mouse,380.68,4,Accessories
1369,2023-06-12,Customer 5,Monitor,112.31,1,Electronics
1370,2023-07-27,Customer 38,Monitor,428.85,1,Electronics
1371,2024-03-20,Customer 3,Headset,355.31,1,Accessories
1372,2023-06-18,Customer 23,Keyboard,169.86,2,Accessories
1373,2023-06-10,Customer 37,Laptop,514.62,4,Electronics
1374,2023-03-09,Customer 37,Monitor,267.21,4,Electronics
1375,2023-10-16,Customer 10,Headset,409.44,1,Accessories
1376,2024-02-02,Customer 10,Headset,116.57,1,Accessories
1377,2023-10-04,Customer 19,Mouse,293.82,2,Accessories
1378,2023-10-31,Customer 17,Keyboard,700.68,2,Accessories
1379,2024-02-08,Customer 21,Laptop,492.59,2,Electronics
1380,2024-01-19,Customer 14,Docking Station,361.52,4,Electronics
1381,2024-01-27,Customer 9,Mouse,210.22,4,Accessories
1382,2023-05-15,Customer 46,Monitor,313.5,4,Electronics
1383,2023-07-14,Customer 1,Monitor,339.51,1,Electronics
1384,2024-02-05,Customer 45,Mouse,389.85,4,Accessories
1385,2023-05-08,Customer 13,Headset,84.67,3,Accessories
1386,2023-02-02,Customer 4,Monitor,433.68,3,Electronics
1387,2023-06-25,Customer 1,Keyboard,82.08,2,Accessories
1388,2024-03-18,Customer 49,Laptop,626.23,4,Electronics
1389,2024-01-06,Customer 40,Keyboard,145.67,3,Accessories
1390,2024-01-10,Customer 32,Monitor,359.33,2,Electronics
1391,2023-01-22,Customer 34,Docking Station,501.03,4,Electronics
1392,2023-08-26,Customer 28,Laptop,249.52,1,Electronics
1393,2023-06-07,Customer 31,Laptop,368.12,3,Electronics
1394,2023-02-07,Customer 8,Mouse,587.04,1,Accessories
1395,2023-08-18,Customer 39,Mouse,412.88,4,Accessories
1396,2023-12-31,Customer 26,Docking Station,371.11,3,Electronics
1397,2023-02-20,Customer 34,Headset,10.0,4,Accessories
1398,2024-03-13,Customer 3,Laptop,113.26,1,Electronics
1399,2023-09-21,Customer 50,Docking Station,509.38,3,Electronics
1400,2023-10-10,Customer 12,Mouse,413.99,1,Accessories
1401,2023-01-27,Customer 1,Mouse,444.29,4,Accessories
1402,2023-08-14,Customer 44,Laptop,427.08,4,Electronics
1403,2023-10-04,Customer 5,Keyboard,557.95,1,Accessories
1404,2023-10-13,Customer 30,Monitor,247.72,3,Electronics
1405,2023-04-07,Customer 30,Mouse,324.1,1,Accessories
1406,2023-10-11,Customer 17,Headset,94.27,4,Accessories
1407,2024-01-02,Customer 48,Headset,44.4,1,Accessories
1408,2024-03-23,Customer 47,Mouse,10.0,4,Accessories
1409,2024-03-28,Customer 23,Keyboard,122.97,1,Accessories
1410,2023-11-13,Customer 15,Keyboard,610.51,3,Accessories
1411,2023-10-31,Customer 37,Docking Station,10.0,3,Electronics
1412,2023-05-27,Customer 21,Headset,239.29,1,Accessories
1413,2023-01-04,Customer 14,Docking Station,41.37,1,Electronics
1414,2023-02-04,Customer 2,Headset,179.81,3,Accessories
1415,2023-07-11,Customer 11,Monitor,333.94,4,Electronics
1416,2023-02-18,Customer 39,Monitor,159.98,3,Electronics
1417,2023-01-17,Customer 38,Laptop,517.93,4,Electronics
1418,2023-06-21,Customer 34,Docking Station,606.8,1,Electronics
1419,2023-08-08,Customer 38,Mouse,10.0,1,Accessories
1420,2023-06-07,Customer 50,Docking Station,163.4,4,Electronics
1421,2023-02-15,Customer 34,Mouse,311.83,1,Accessories
1422,2024-01-08,Customer 18,Keyboard,525.22,4,Accessories
1423,2023-01-06,Customer 30,Docking Station,209.15,2,Electronics
1424,2023-04-09,Customer 15,Keyboard,296.01,3,Accessories
1425,2024-01-15,Customer 27,Monitor,68.65,2,Electronics
1426,2023-08-21,Customer 34,Monitor,10.0,4,Electronics
1427,2023-02-06,Customer 38,Laptop,589.08,3,Electronics
1428,2023-10-07,Customer 33,Docking Station,10.0,4,Electronics
1429,2023-12-15,Customer 24,Keyboard,765.72,3,Accessories
1430,2023-10-29,Customer 15,Mouse,445.03,3,Accessories
1431,2023-06-30,Customer 30,Monitor,435.99,3,Electronics
1432,2023-04-05,Customer 42,Monitor,415.09,3,Electronics
1433,2023-04-09,Customer 17,Mouse,249.46,4,Accessories
1434,2023-07-07,Customer 5,Keyboard,378.42,3,Accessories
1435,2023-04-26,Customer 29,Keyboard,262.22,3,Accessories
1436,2023-07-10,Customer 4,Docking Station,410.61,2,Electronics
1437,2023-09-10,Customer 10,Docking Station,293.26,1,Electronics
1438,2024-02-20,Customer 17,Headset,109.93,1,Accessories
1439,2023-06-10,Customer 10,Headset,125.89,2,Accessories
1440,2023-09-13,Customer 17,Laptop,103.15,2,Electronics
1441,2023-11-19,Customer 20,Monitor,494.18,4,Electronics
1442,2023-05-08,Customer 24,Docking Station,176.51,4,Electronics
1443,2023-01-18,Customer 5,Keyboard,10.0,4,Accessories
1444,2023-10-08,Customer 34,Mouse,379.37,2,Accessories
1445,2023-08-11,Customer 6,Keyboard,602.9,2,Accessories
1446,2023-02-23,Customer 2,Monitor,454.62,3,Electronics
1447,2023-02-27,Customer 13,Headset,179.34,4,Accessories
1448,2023-11-19,Customer 43,Keyboard,10.0,4,Accessories
1449,2023-12-26,Customer 43,Laptop,273.15,4,Electronics
1450,2023-06-23,Customer 48,Monitor,268.16,1,Electronics
1451,2023-10-07,Customer 11,Headset,106.16,3,Accessories
1452,2023-04-24,Customer 47,Mouse,410.21,4,Accessories
1453,2023-10-15,Customer 23,Headset,669.33,4,Accessories
1454,2024-03-06,Customer 16,Laptop,344.46,4,Electronics
1455,2023-12-08,Customer 31,Monitor,332.1,1,Electronics
1456,2023-05-31,Customer 11,Mouse,112.55,1,Accessories
1457,2024-03-25,Customer 16,Laptop,579.48,2,Electronics
1458,2023-05-07,Customer 8,Headset,284.97,3,Accessories
1459,2023-06-04,Customer 4,Laptop,184.21,2,Electronics
1460,2024-01-21,Customer 40,Monitor,312.74,3,Electronics
1461,2023-09-30,Customer 4,Docking Station,394.39,1,Electronics
1462,2023-04-14,Customer 25,Laptop,327.84,4,Electronics
1463,2024-02-21,Customer 3,Laptop,541.23,2,Electronics
1464,2024-01-28,Customer 32,Headset,376.79,4,Accessories
1465,2023-10-26,Customer 3,Headset,243.21,2,Accessories
1466,2023-09-03,Customer 27,Mouse,380.24,1,Accessories
1467,2023-06-25,Customer 29,Headset,399.93,1,Accessories
1468,2023-02-08,Customer 32,Keyboard,40.72,1,Accessories
1469,2023-06-19,Customer 50,Monitor,529.88,2,Electronics
1470,2023-09-04,Customer 19,Monitor,239.82,3,Electronics
1471,2023-01-26,Customer 21,Docking Station,244.94,2,Electronics
1472,2023-12-21,Customer 5,Docking Station,450.28,3,Electronics
1473,2023-11-02,Customer 18,Monitor,449.43,2,Electronics
1474,2024-02-13,Customer 28,Docking Station,159.83,2,Electronics
1475,2024-02-12,Customer 42,Mouse,460.58,1,Accessories
1476,2023-01-13,Customer 22,Headset,187.91,4,Accessories
1477,2023-11-12,Customer 21,Monitor,663.91,4,Electronics
1478,2024-01-26,Customer 6,Docking Station,134.36,3,Electronics
1479,2023-11-09,Customer 1,Monitor,347.9,4,Electronics
1480,2023-02-05,Customer 5,Keyboard,143.6,2,Accessories
1481,2023-06-22,Customer 41,Laptop,744.54,2,Electronics
1482,2023-01-20,Customer 12,Headset,52.44,1,Accessories
1483,2023-11-17,Customer 26,Monitor,404.87,1,Electronics
1484,2023-09-21,Customer 46,Laptop,153.02,4,Electronics
1485,2024-02-04,Customer 34,Docking Station,229.18,3,Electronics
1486,2023-05-22,Customer 49,Laptop,390.71,4,Electronics
1487,2024-01-06,Customer 14,Headset,544.92,4,Accessories
1488,2023-05-23,Customer 26,Monitor,624.68,4,Electronics
1489,2023-04-02,Customer 45,Keyboard,10.0,4,Accessories
1490,2023-12-20,Customer 27,Docking Station,353.55,2,Electronics
1491,2023-11-18,Customer 9,Monitor,591.9,3,Electronics
1492,2023-10-15,Customer 26,Headset,10.0,2,Accessories
1493,2023-08-03,Customer 47,Docking Station,362.88,3,Electronics
1494,2024-03-22,Customer 22,Mouse,299.58,1,Accessories
1495,2023-12-08,Customer 47,Laptop,382.91,4,Electronics
1496,2023-02-20,Customer 30,Headset,145.54,2,Accessories
1497,2023-06-02,Customer 43,Mouse,12.88,3,Accessories
1498,2023-07-05,Customer 48,Monitor,10.0,1,Electronics
1499,2023-03-04,Customer 17,Keyboard,495.28,1,Accessories
1500,2023-07-09,Customer 26,Docking Station,520.81,4,Electronics
